No,デフォ,種別,楽曲名,ﾕﾆｯﾄ,E,N,H,X,M,A,コンボ(EXP),コンボ(MAS),コンボ(APD),時間,BPM,MV,人数,配信日
1,10001,既,Tell Your World,0_VS,5,10,16,22,26,25,0961,1147,1353,2:03,150,3D,1,2020/09/30
2,10002,既,ネクストネスト,0_VS,6,13,18,27,30,-,0983,1131,-,2:07,128,-,-,2020/09/30
3,10003,既,メルト,0_VS,7,12,17,25,29,-,1363,1586,-,3:02,170,-,-,2020/09/30
4,10004,既,初音ミクの消失,0_VS,9,15,22,30,35,-,1502,1666,-,2:24,240,-,-,2020/09/30
5,10005,既,Blessing,0_VS,5,11,16,23,27,-,0859,0986,-,2:13,110,原曲,-,2020/09/30
6,10006,公,alive,0_VS,6,11,16,23,27,-,0804,1016,-,1:58,128,-,-,2020/09/30
7,11001,既,ロキ,1_L/n,7,11,17,24,29,-,0827,0975,-,1:47,150,3D,5,2020/09/30
8,11002,既,テオ,1_L/n,9,14,19,27,32,-,0997,1221,-,1:56,185,3D,5,2020/09/30
9,11003,既,ヒバナ -Reloaded-,1_L/n,9,14,19,28,32,34,0808,1060,1351,1:35,200,2D,-,2020/09/30
10,12001,既,ハッピーシンセサイザ,2_MMJ,6,11,18,24,28,-,0859,1136,-,2:13,127,2D/3D,4,2020/09/30
11,12002,既,Nostalogic,2_MMJ,6,12,17,23,29,-,0719,0985,-,2:00,140,2D,-,2020/09/30
12,12003,既,ツギハギスタッカート,2_MMJ,6,11,16,24,28,-,0854,0861,-,2:03,139,2D/3D,3,2020/09/30
13,13001,既,劣等上等,3_VBS,7,12,18,25,30,-,0825,0952,-,1:39,160,3D,4,2020/09/30
14,13002,既,ドクター＝ファンクビート,3_VBS,8,13,19,27,32,-,0984,1198,-,2:07,150*,2D,-,2020/09/30
15,13003,既,フラジール,3_VBS,6,11,17,24,28,-,0863,1040,-,2:04,127,2D/3D,2,2020/09/30
16,14001,既,ブリキノダンス,4_WxS,8,13,18,25,30,-,0852,0967,-,1:40,172,3D,3,2020/09/30
17,14002,既,スイートマジック,4_WxS,5,12,18,24,27,25,0920,1224,1126,2:29,123,2D/3D,5,2020/09/30
18,14003,既,ぼうけんのしょがきえました！,4_WxS,8,13,19,26,31,-,0951,1092,-,1:51,176,原曲/2D,-,2020/09/30
19,15001,既,シャルル,5_25,6,11,17,23,28,28,0701,0824,1000,1:44,145,3D,2,2020/09/30
20,15002,既,ハロ／ハワユ,5_25,5,10,15,22,27,-,0690,0851,-,2:27,095,-,-,2020/09/30
21,15003,既,自傷無色,5_25,5,10,17,22,26,-,0614,0829,-,1:44,120,2D/3D,3,2020/09/30
22,21001,書,needLe,1_L/n,7,12,17,25,29,-,0889,1029,-,1:55,190,3D,5,2020/09/30
23,22001,書,アイドル新鋭隊,2_MMJ,8,12,17,24,29,-,0754,0940,-,1:46,176,3D,5,2020/09/30
24,23001,書,Ready Steady,3_VBS,5,10,16,25,29,-,0564,0667,-,1:32,115,3D,5,2020/09/30
25,24001,書,セカイはまだ始まってすらいない,4_WxS,6,13,16,24,29,-,0774,1027,-,2:02,138,3D,5,2020/09/30
26,25001,書,悔やむと書いてミライ,5_25,8,13,17,26,30,-,0815,0973,-,1:41,194,3D,5,2020/09/30
27,29001,書,セカイ,9_oth,6,12,18,23,27,-,0735,0858,-,1:52,133,3D,4,2020/09/30
28,29002,書,ワーワーワールド,9_oth,7,12,17,24,29,-,0789,0960,-,1:49,160,3D,3,2020/09/30
29,11004,既,アスノヨゾラ哨戒班,1_L/n,8,12,17,25,29,-,1073,1208,-,2:08,185,原曲,-,2020/10/01
30,12004,既,ニア,2_MMJ,6,11,16,22,27,-,0702,0841,-,1:56,128,3D,3,2020/10/02
31,13004,既,Just Be Friends,3_VBS,6,11,17,23,28,-,0811,0989,-,2:13,128,2D,-,2020/10/03
32,14004,既,脱法ロック,4_WxS,7,13,18,26,31,-,0972,1145,-,2:02,155,原曲/2D,-,2020/10/04
33,15004,既,命に嫌われている,5_25,9,14,18,26,30,-,0756,0979,-,1:40,200,2D,-,2020/10/05
34,10007,既,ワールドイズマイン,0_VS,7,13,17,24,29,-,1248,1417,-,2:51,165*,-,-,2020/10/06
35,14005,既,ダンスロボットダンス,4_WxS,8,13,18,26,30,-,0927,1057,-,1:42,190,2D/3D,3,2020/10/07
36,10008,既,Hand in Hand,0_VS,6,13,16,23,28,28,0809,1072,1020,2:04,128,原曲,-,2020/10/08
37,13005,既,夜咄ディセイブ,3_VBS,8,14,19,26,30,-,1165,1311,-,2:20,130,原曲,-,2020/10/09
38,10009,既,Gimme×Gimme,0_VS,6,11,18,26,29,-,0842,0907,-,2:15,105,-,-,2020/10/10
39,12005,既,ビバハピ,2_MMJ,6,12,17,24,29,-,0597,0722,-,1:34,148,2D,-,2020/10/11
40,10010,既,ジャンキーナイトタウンオーケストラ,0_VS,6,13,18,26,31,-,1070,1374,-,2:22,145,-,-,2020/10/12
41,14006,既,ミラクルペイント,4_WxS,9,12,18,25,30,-,1300,1437,-,2:26,215,原曲/2D,-,2020/10/13
42,10011,既,on the rocks,0_VS,7,11,16,23,27,-,0857,1004,-,2:03,150,-,-,2020/10/14
43,25002,書,携帯恋話,5_25,8,12,18,25,29,-,0981,1131,-,2:19,150,2D,-,2020/10/15
44,10012,既,39みゅーじっく！,0_VS,6,11,16,23,28,-,0839,1039,-,1:59,130,原曲,-,2020/10/16
45,11005,既,青く駆けろ！,1_L/n,8,13,17,24,27,30,0919,1048,1446,1:57,190,-,-,2020/10/17
46,21002,書,ステラ,1_L/n,8,13,17,26,30,31,0955,1190,1553,2:13,197,2D/3D,5,2020/10/18
47,10013,既,Leia - Remind,0_VS,9,13,18,25,29,-,0970,1155,-,2:11,190,-,-,2020/10/19
48,25003,書,ジャックポットサッドガール,5_25,9,13,18,26,29,-,0647,0767,-,1:24,204,原曲/2D,-,2020/10/20
49,12006,既,メルティランドナイトメア,2_MMJ,6,12,17,24,27,-,0934,0959,-,1:58,140,3D,5,2020/10/25
50,15005,既,乙女解剖,5_25,5,12,16,24,28,-,0834,1002,-,1:51,134,原曲/2D,-,2020/11/01
51,24002,書,potatoになっていく,4_WxS,5,11,17,24,29,25,0721,0863,0703,1:48,116,2D/3D,5,2020/11/07
52,10014,既,ローリンガール,0_VS,8,12,18,26,31,-,1156,1396,-,2:01,195,-,-,2020/11/14
53,22002,書,モア！ジャンプ！モア！,2_MMJ,9,13,18,26,31,30,1011,1257,1518,2:04,202,2D,-,2020/11/19
54,10015,既,裏表ラバーズ,0_VS,8,12,18,26,30,-,1017,1151,-,1:51,159,-,-,2020/11/21
55,10016,既,アンノウン・マザーグース,0_VS,8,12,17,26,30,-,1080,1292,-,2:17,222,-,-,2020/11/23
56,10017,既,愛されなくても君がいる,0_VS,7,12,16,23,27,-,0914,1075,-,2:20,150,原曲,-,2020/11/30
57,11006,既,ウミユリ海底譚,1_L/n,6,13,17,23,28,-,0737,0833,-,1:43,120,2D/3D,5,2020/12/01
58,23002,書,Forward,3_VBS,6,11,16,24,28,-,0737,0895,-,1:55,140,2D/3D,5,2020/12/08
59,15006,既,独りんぼエンヴィー,5_25,6,11,16,22,26,-,0544,0589,-,1:15,132,2D/3D,3,2020/12/14
60,24003,書,ニジイロストーリーズ,4_WxS,9,13,18,25,29,-,0881,1054,-,2:02,230*,2D,-,2020/12/20
61,10018,既,ODDS＆ENDS,0_VS,8,12,18,24,29,-,0739,0921,-,1:34,192,-,-,2020/12/24
62,11007,既,ドラマツルギー,1_L/n,7,12,17,25,29,-,0747,0862,-,1:35,149,原曲,-,2020/12/28
63,10019,既,グリーンライツ・セレナーデ,0_VS,9,14,19,27,31,-,1034,1174,-,2:05,200,原曲,-,2020/12/29
64,12007,既,恋愛裁判,2_MMJ,6,12,17,22,28,-,0889,1149,-,2:13,134,原曲/2D,-,2020/12/30
65,10020,既,＊ハロー、プラネット。,0_VS,6,10,17,24,29,-,0931,1076,-,1:58,150,原曲,-,2020/12/31
66,10021,既,千本桜,0_VS,7,14,20,26,32,-,1000,1257,-,2:04,154,-,-,2021/01/01
67,13006,既,ECHO,3_VBS,6,12,16,23,26,-,0659,0805,-,1:39,140,2D,-,2021/01/02
68,14007,既,チュルリラ・チュルリラ・ダッダッダ！,4_WxS,9,13,18,26,31,-,1246,1401,-,2:23,220,2D/3D,4,2021/01/03
69,10022,既,ブレス・ユア・ブレス,0_VS,7,13,17,24,29,-,0696,0873,-,1:35,152,原曲,-,2021/01/04
70,15007,既,とても痛い痛がりたい,5_25,6,13,18,23,28,-,0817,0915,-,1:53,140,-,-,2021/01/05
71,21003,書,霽れを待つ,1_L/n,7,12,17,26,31,-,0974,1106,-,1:54,168,2D,-,2021/01/10
72,10023,既,ワールズエンド・ダンスホール,0_VS,7,12,18,26,30,-,0957,1044,-,1:43,171,-,-,2021/01/14
73,10024,既,ヒビカセ,0_VS,7,12,17,25,28,-,0898,1019,-,1:55,140,原曲,-,2021/01/18
74,22003,書,Color of Drops,2_MMJ,6,12,16,23,28,26,0796,0918,1028,1:54,152,3D,5,2021/01/29
75,23003,書,RAD DOGS,3_VBS,6,12,18,26,30,-,1067,1197,-,2:20,140,2D,-,2021/01/31
76,12008,既,ミルククラウン・オン・ソーネチカ,2_MMJ,7,13,18,26,30,-,1025,1226,-,2:15,127.5,2D,-,2021/02/06
77,11008,既,タイムマシン,1_L/n,6,11,16,23,27,-,0719,0903,-,2:05,126,2D/3D,5,2021/02/10
78,13007,既,drop pop candy,3_VBS,6,12,17,25,29,-,0773,0902,-,1:46,130,3D,4,2021/02/15
79,14008,既,ポジティブ☆ダンスタイム,4_WxS,9,14,18,26,31,-,0965,1154,-,1:56,210,2D,-,2021/02/19
80,10025,公,Brand New Day,0_VS,9,14,19,28,32,35,1260,1316,1894,2:11,185,-,-,2021/02/22
81,25004,書,限りなく灰色へ,5_25,6,12,18,26,31,-,0818,0849,-,2:02,108,3D,5,2021/02/26
82,24004,書,ワンスアポンアドリーム,4_WxS,6,11,16,22,28,-,0683,0871,-,1:53,132,2D,-,2021/02/28
83,15008,既,ボッカデラベリタ,5_25,7,13,18,25,29,-,0884,1119,-,1:57,170,2D,-,2021/03/06
84,10026,既,みくみくにしてあげる♪【してやんよ】,0_VS,7,12,17,24,28,29,0739,0939,1039,1:41,160,-,-,2021/03/09
85,13008,既,威風堂々,3_VBS,6,12,17,24,28,29,0975,1166,1269,2:25,130,2D/3D,3,2021/03/15
86,11009,既,from Y to Y,1_L/n,5,11,16,24,27,-,0847,0982,-,2:36,098,-,-,2021/03/22
87,10027,既,初音ミクの激唱,0_VS,9,14,20,30,34,-,1520,1742,-,2:41,200,-,-,2021/03/30
88,22004,書,天使のクローバー,2_MMJ,9,13,17,27,31,-,0985,1235,-,1:58,193,2D/3D,5,2021/03/30
89,14009,既,お気に召すまま,4_WxS,6,12,18,24,29,-,0808,0988,-,1:53,143,3D,5,2021/04/05
90,12009,既,どりーみんチュチュ,2_MMJ,6,13,17,23,27,-,0873,1074,-,2:20,128,原曲/2D,-,2021/04/12
91,25005,書,アイディスマイル,5_25,7,12,17,25,28,26,0985,1247,1216,2:15,171,2D/3D,5,2021/04/19
92,21004,書,「1」,1_L/n,8,13,16,23,27,-,0619,0814,-,1:38,150*,2D,-,2021/04/21
93,10028,公,花を唄う,0_VS,6,12,19,25,30,-,0807,0878,-,1:51,115,-,-,2021/04/26
94,15009,既,夜に駆ける,5_25,6,11,18,25,30,-,0932,1140,-,2:19,130,-,-,2021/05/01
95,13009,既,幽霊東京,3_VBS,7,13,17,24,27,-,0904,1053,-,2:13,124,-,-,2021/05/03
96,23004,書,シネマ,3_VBS,6,12,18,24,29,29,0616,0800,0992,1:47,124,2D/3D,5,2021/05/08
97,14010,既,KING,4_WxS,7,14,19,25,30,28,1002,1251,1388,2:15,166,2D,-,2021/05/17
98,22005,書,アイノマテリアル,2_MMJ,6,11,16,22,26,-,0643,0814,-,2:04,120,2D,-,2021/05/21
99,11010,既,いかないで,1_L/n,8,13,18,25,29,27,0977,1173,1212,1:56,191,3D,5,2021/05/28
100,12010,既,ロミオとシンデレラ,2_MMJ,7,12,17,24,28,-,0856,1035,-,1:55,170,2D/3D,3,2021/06/07
101,10029,公,泡沫未来,0_VS,8,12,17,25,30,30,0750,0903,1070,1:44,179,-,-,2021/06/14
102,24005,書,トンデモワンダーズ,4_WxS,9,14,19,27,32,33,1122,1224,1631,2:04,172*,2D/3D,5,2021/06/19
103,25006,書,カナデトモスソラ,5_25,6,11,15,22,26,-,0522,0703,-,1:55,158,2D,-,2021/06/21
104,13010,既,トラフィック・ジャム,3_VBS,6,13,18,24,28,-,0896,1089,-,2:10,130,原曲/2D,-,2021/06/30
105,21005,書,フロムトーキョー,1_L/n,6,12,18,24,28,-,0640,0814,-,1:40,130,3D,5,2021/07/07
106,23005,書,Beat Eater,3_VBS,6,11,17,25,29,28,0772,0798,0852,1:40,137,2D,-,2021/07/09
107,11011,既,六兆年と一夜物語,1_L/n,9,14,20,29,35,-,1099,1288,-,2:04,186*,2D,-,2021/07/12
108,12011,既,地球最後の告白を,2_MMJ,8,13,18,25,31,32,0884,1164,1643,2:08,190*,2D,-,2021/07/19
109,15010,既,ビターチョコデコレーション,5_25,7,12,19,25,32,-,1059,1377,-,2:09,174,2D/3D,5,2021/07/28
110,10030,公,そうだった！！,0_VS,8,14,19,27,31,-,1175,1297,-,2:07,192,-,-,2021/08/06
111,11012,既,カゲロウデイズ,1_L/n,9,14,19,27,31,33,1295,1404,1915,2:23,200,-,-,2021/08/15
112,22006,書,アイスドロップ,2_MMJ,7,12,18,24,27,-,0704,0802,-,1:46,158,3D,5,2021/08/18
113,24006,書,Glory Steady Go!,4_WxS,7,12,18,25,30,-,0738,0875,-,1:39,131,2D,-,2021/08/20
114,13011,既,チルドレンレコード,3_VBS,9,14,19,27,32,-,1234,1502,-,2:08,210,3D,5,2021/08/23
115,20001,書,magic number,0_VS,6,11,18,25,30,-,0818,0988,-,1:51,120,2D,-,2021/09/01
116,21006,書,流星のパルス,1_L/n,8,13,17,25,31,-,0958,1123,-,2:02,192,2D,-,2021/09/10
117,15011,既,カトラリー,5_25,5,12,18,25,29,-,0686,0806,-,1:51,108,原曲/2D,-,2021/09/21
118,25007,書,再生,5_25,5,11,15,22,26,-,0458,0547,-,1:43,076,3D,5,2021/09/29
119,29003,書,群青讃歌,9_oth,7,13,17,24,27,-,0711,0833,-,1:39,168,2D/3D,6,2021/09/30
120,10031,既,炉心融解,0_VS,7,12,17,24,27,-,0998,1167,-,2:04,165,-,-,2021/10/01
121,11013,既,ロストワンの号哭,1_L/n,7,14,19,26,33,-,0947,1157,-,1:48,162,2D/3D,5,2021/10/02
122,20002,書,マシンガンポエムドール,0_VS,9,14,23,31,35,-,1730,1819,-,2:21,220,原曲*7,-,2021/10/03
123,15012,既,ベノム,5_25,7,13,18,26,29,-,0972,1138,-,2:09,152,-,-,2021/10/04
124,10032,既,拝啓ドッペルゲンガー,0_VS,9,13,19,28,32,-,1368,1654,-,2:35,181,-,-,2021/10/05
125,14011,既,テレキャスタービーボーイ,4_WxS,8,13,18,25,29,31,0726,0898,1159,1:38,182,原曲/2D,-,2021/10/06
126,10033,既,トキヲ・ファンカ,0_VS,6,11,18,25,28,29,0780,0859,0997,1:48,120,原曲,-,2021/10/07
127,13012,既,悪魔の踊り方,3_VBS,5,12,19,26,31,-,0792,0938,-,1:58,106,2D/3D,5,2021/10/08
128,10034,既,だれかの心臓になれたなら,0_VS,7,12,18,25,29,-,0811,1044,-,1:57,145,原曲,-,2021/10/09
129,12012,既,マシュマリー,2_MMJ,8,11,18,26,29,-,1123,1303,-,2:13,182,2D,-,2021/10/10
130,10035,既,右肩の蝶,0_VS,6,12,18,25,31,-,1058,1315,-,2:13,140,-,-,2021/10/11
131,11014,既,ray,1_L/n,6,12,16,24,26,-,0978,1092,-,2:11,132,2D/3D,5,2021/10/12
132,11015,既,"Hello,world!",1_L/n,9,13,17,25,29,-,0900,0949,-,1:41,211,2D,-,2021/10/13
133,10036,公,しっくおぶはうす！,0_VS,7,13,17,26,30,-,1107,1313,-,2:22,170,-,-,2021/10/22
134,24007,書,ショウタイム・ルーラー,4_WxS,9,13,19,25,31,-,0819,1063,-,1:49,204,2D/3D,5,2021/10/29
135,12013,既,Happy Halloween,2_MMJ,5,12,16,25,31,26,0827,0987,0832,2:04,120,原曲,-,2021/10/30
136,25008,書,ロウワー,5_25,6,12,17,26,31,30,0780,0850,1045,1:48,132,2D,-,2021/10/31
137,10037,既,初音天地開闢神話,0_VS,9,14,20,28,33,-,1581,2021,-,3:02,240,原曲,-,2021/11/05
138,13013,既,オルターエゴ,3_VBS,8,12,17,26,31,-,1175,1557,-,2:32,176,2D,-,2021/11/10
139,21007,書,STAGE OF SEKAI,1_L/n,8,12,17,25,30,-,1005,1156,-,2:02,190,2D/3D,5,2021/11/18
140,12014,既,からくりピエロ,2_MMJ,5,11,16,23,27,-,0714,1005,-,2:18,102,2D/3D,5,2021/11/29
141,22007,書,ワールドワイドワンダー,2_MMJ,6,13,18,24,28,-,0626,0785,-,1:37,142,2D,-,2021/12/10
142,10038,既,悪ノ娘,0_VS,6,12,17,24,27,-,0609,0784,-,1:32,140,-,-,2021/12/13
143,10039,既,悪ノ召使,0_VS,6,12,17,24,27,-,0609,0784,-,1:34,120,-,-,2021/12/14
144,20003,書,去り人達のワルツ,0_VS,8,13,17,23,28,-,0672,0798,-,1:40,178,-,-,2021/12/15
145,10040,公,ラストスコア,0_VS,7,13,18,26,30,-,1050,1190,-,2:23,134,-,-,2021/12/20
146,14012,既,フィクサー,4_WxS,6,12,19,26,32,-,0948,1118,-,2:03,135,2D,-,2021/12/28
147,23006,書,ミライ,3_VBS,6,12,18,24,28,-,1017,1281,-,2:39,138,2D/3D,5,2021/12/29
148,11016,既,ゴーストルール,1_L/n,9,14,19,27,33,-,1174,1473,-,2:22,210,-,-,2021/12/30
149,15013,既,ヴィラン,5_25,6,13,18,25,29,-,0984,1154,-,2:30,102,2D/3D,2,2021/12/31
150,10041,既,サンドリヨン 10th Anniversary,0_VS,6,12,17,25,29,-,0735,0913,-,1:58,147,-,-,2022/01/01
151,12015,既,少女レイ,2_MMJ,7,14,17,24,27,27,1168,1400,1300,2:40,150,2D/3D,3,2022/01/02
152,13014,既,ガランド,3_VBS,7,13,18,24,28,-,0761,0943,-,2:11,093,-,-,2022/01/03
153,39001,既,エンドマークに希望と涙を添えて,9_oth,9,15,23,31,35,-,1553,1948,-,2:22,257,原曲,-,2022/01/08
154,39002,既,the EmpErroR,9_oth,9,15,23,31,36,-,1223,1593,-,2:07,240,原曲,-,2022/01/09
155,39003,既,Don't Fight The Music,9_oth,9,15,23,30,35,-,1545,1888,-,2:40,200*,-,-,2022/01/10
156,24008,書,にっこり^^調査隊のテーマ,4_WxS,8,12,18,27,31,-,1026,1195,-,2:06,180,2D/3D,5,2022/01/19
157,25009,書,トリコロージュ,5_25,7,13,18,24,28,-,0860,0999,-,2:05,130,2D,-,2022/01/21
158,11017,既,心拍数♯0822,1_L/n,5,11,16,23,27,-,0675,0843,-,2:03,114,2D,-,2022/01/24
159,15014,既,うっせぇわ,5_25,8,12,17,24,28,-,1035,1302,-,2:16,178,原曲,-,2022/01/31
160,13015,既,踊,3_VBS,6,13,18,26,29,-,0882,1083,-,2:21,128,原曲,-,2022/02/04
161,10042,既,君色マリンスノウ,0_VS,9,14,19,28,31,-,1339,1415,-,2:32,202,原曲,-,2022/02/05
162,15015,既,愛して愛して愛して,5_25,5,12,16,25,28,-,0928,1173,-,2:10,115,2D/3D,3,2022/02/07
163,23007,書,Flyer!,3_VBS,9,12,18,24,29,30,0861,1083,1189,2:03,188,2D/3D,5,2022/02/16
164,21008,書,Peaky Peaky,1_L/n,6,12,18,25,28,-,0747,0855,-,1:46,132,2D,-,2022/02/18
165,10043,公,ジウダス,0_VS,7,12,18,25,28,-,0769,0898,-,1:43,198,-,-,2022/02/21
166,14013,既,ナンセンス文学,4_WxS,7,11,18,25,29,-,0856,1180,-,2:12,154,原曲/2D,-,2022/02/24
167,12016,既,心予報,2_MMJ,6,12,18,24,28,28,0909,1060,1318,2:14,143,原曲/2D,-,2022/03/02
168,11018,既,僕らまだアンダーグラウンド,1_L/n,7,12,18,25,28,-,0920,1035,-,2:02,148,原曲/2D,-,2022/03/04
169,10044,既,Miku,0_VS,6,12,17,24,29,-,0990,1106,-,2:36,128,3D,6,2022/03/09
170,22008,書,メタモリボン,2_MMJ,5,11,16,23,26,-,0580,0685,-,1:44,123,2D,-,2022/03/11
171,14014,既,いーあるふぁんくらぶ,4_WxS,6,12,17,24,28,26,0863,1002,1015,2:06,145,2D/3D,5,2022/03/14
172,13016,既,雨とペトラ,3_VBS,9,12,18,25,29,-,0976,1206,-,2:05,195,-,-,2022/03/22
173,25010,書,ノマド,5_25,5,11,16,23,26,-,0515,0592,-,1:32,090,3D,5,2022/03/28
174,10045,既,マトリョシカ,0_VS,9,13,18,25,30,-,0887,1104,-,1:46,205,原曲,-,2022/03/30
175,10046,既,ドーナツホール,0_VS,9,14,18,25,29,-,1046,1328,-,2:18,252,原曲,-,2022/03/31
176,10047,既,砂の惑星,0_VS,5,11,16,23,27,-,0873,1062,-,2:14,095,原曲,-,2022/04/01
177,10048,既,ルカルカ★ナイトフィーバー,0_VS,7,13,18,25,29,-,0950,1311,-,2:19,160,-,-,2022/04/02
178,10049,既,ピアノ×フォルテ×スキャンダル,0_VS,6,11,18,26,30,-,1042,1142,-,2:12,135,-,-,2022/04/03
179,10050,既,千年の独奏歌,0_VS,5,11,16,23,27,-,0791,0906,-,2:32,108,-,-,2022/04/04
180,24009,書,88☆彡,4_WxS,9,13,18,26,29,32,1088,1188,1388,2:07,176,2D,-,2022/04/11
181,10051,公,ONESELF,0_VS,7,14,18,27,30,-,1063,1163,-,2:09,170*,-,-,2022/04/15
182,13017,既,PaⅢ.SENSATION,3_VBS,8,12,17,24,29,-,1032,1244,-,2:14,180,2D/3D,4,2022/04/18
183,12017,既,ダーリンダンス,2_MMJ,7,12,17,25,30,-,0824,0912,-,1:43,153,2D,-,2022/04/25
184,21009,書,オーダーメイド,1_L/n,5,11,16,21,26,-,0480,0601,-,2:05,075,3D,5,2022/04/28
185,19001,書,アイデンティティ,9_oth,9,13,18,26,31,-,1196,1489,-,2:37,195,2D,-,2022/05/01
186,19002,書,青色絵具,9_oth,6,12,16,24,27,-,0846,1058,-,2:36,126,2D,-,2022/05/02
187,19003,書,コスモスパイス,9_oth,7,12,17,25,31,-,0849,1092,-,2:10,165,2D,-,2022/05/03
188,19004,書,徳川カップヌードル禁止令,9_oth,8,13,19,27,31,-,1065,1241,-,2:08,178,2D,-,2022/05/04
189,19005,書,サラマンダー,9_oth,8,12,18,25,30,-,1186,1454,-,2:38,172,2D,-,2022/05/05
190,22009,書,イフ,2_MMJ,6,12,18,23,27,-,0845,1062,-,2:10,135,2D/3D,5,2022/05/08
191,10052,既,ブラック★ロックシューター,0_VS,7,12,16,24,27,-,0695,0930,-,1:55,165,原曲,-,2022/05/10
192,15016,既,妄想感傷代償連盟,5_25,7,12,16,23,27,-,0908,0966,-,2:21,110,原曲/2D,-,2022/05/13
193,14015,既,リモコン,4_WxS,7,12,17,24,29,-,0903,1206,-,2:13,165,-,-,2022/05/16
194,23008,書,月光,3_VBS,5,12,18,25,29,-,1058,1159,-,2:37,109,2D,-,2022/05/20
195,14016,既,神のまにまに,4_WxS,6,13,18,25,29,-,0900,1111,-,2:13,135,3D,5,2022/05/30
196,23009,書,Awake Now,3_VBS,6,12,17,24,30,29,0723,0884,1049,2:02,117,2D,-,2022/05/31
197,13018,既,阿吽のビーツ,3_VBS,6,13,18,23,29,-,0802,0918,-,2:16,103,原曲,-,2022/06/06
198,25011,書,バグ,5_25,9,13,19,26,32,31,1101,1343,1490,2:08,186,2D,-,2022/06/10
199,14017,既,グッバイ宣言,4_WxS,7,12,17,26,30,27,1017,1259,1233,2:06,170,2D,-,2022/06/13
200,12018,既,ヴァンパイア,2_MMJ,7,12,18,25,30,27,1029,1299,1433,2:22,164,2D/3D,5,2022/06/20
201,10053,公,未完成讃歌,0_VS,8,12,18,27,31,-,1324,1585,-,2:36,188,-,-,2022/06/24
202,24010,書,星空のメロディー,4_WxS,5,11,16,24,27,-,0713,0821,-,1:48,113,3D,5,2022/06/28
203,10054,既,脳漿炸裂ガール,0_VS,7,13,18,28,32,-,1349,1500,-,2:24,155,原曲,-,2022/06/30
204,10055,既,ぼくらの16bit戦争,0_VS,6,13,17,28,33,-,1379,1521,-,2:28,122,原曲,-,2022/07/01
205,15017,既,メリュー,5_25,6,11,15,22,26,-,0632,0983,-,2:20,130,3D,3,2022/07/04
206,14018,既,エイリアンエイリアン,4_WxS,7,12,18,25,29,-,1208,1361,-,2:24,152,2D,-,2022/07/11
207,23010,書,街,3_VBS,6,12,16,23,27,-,0668,0769,-,1:43,128,3D,5,2022/07/19
208,21010,書,てらてら,1_L/n,8,13,18,24,30,-,1035,1262,-,2:16,190,2D,-,2022/07/21
209,10056,既,フロイライン＝ビブリォチカ,0_VS,9,14,18,27,31,-,1222,1456,-,2:26,185,-,-,2022/07/30
210,14019,既,踊れオーケストラ,4_WxS,8,12,17,24,28,-,0845,1068,-,1:50,180,2D,-,2022/08/08
211,22010,書,パラソルサイダー,2_MMJ,8,13,17,25,30,-,0796,0880,-,1:31,176,2D,-,2022/08/10
212,11019,既,ロストエンファウンド,1_L/n,9,13,18,25,29,-,1082,1271,-,2:36,184*,3D,5,2022/08/15
213,13019,既,YY,3_VBS,7,12,17,25,29,29,0976,1175,1249,2:25,123,原曲,-,2022/08/22
214,10057,公,それでもいいんだよ,0_VS,6,12,17,24,29,-,0897,1009,-,2:08,132,-,-,2022/08/26
215,25012,書,君の夜をくれ,5_25,5,11,15,21,26,-,0482,0662,-,2:02,080,3D,5,2022/08/29
216,10058,既,フューチャー・イヴ,0_VS,9,13,19,27,32,-,1462,1628,-,2:33,190,原曲,-,2022/09/02
217,21011,書,Voices,1_L/n,8,13,18,25,30,-,1144,1237,-,2:05,190,2D/3D,5,2022/09/07
218,15018,既,ジェヘナ,5_25,6,13,18,25,31,31,1177,1253,1633,2:34,128,原曲/2D,-,2022/09/12
219,11020,既,Calc.,1_L/n,7,13,18,25,30,-,1126,1295,-,2:25,173,-,-,2022/09/16
220,23011,書,虚ろを扇ぐ,3_VBS,5,11,17,23,27,-,0908,1112,-,2:37,124,2D,-,2022/09/20
221,29004,書,Journey,9_oth,6,12,18,25,29,-,1285,1322,-,2:46,128,2D/3D,6,2022/09/30
222,11021,既,天ノ弱,1_L/n,8,12,17,25,29,-,0982,1131,-,1:49,200*,2D,-,2022/10/01
223,10059,既,アンハッピーリフレイン,0_VS,9,13,19,26,31,-,1137,1353,-,2:13,205,-,-,2022/10/02
224,15019,既,フォニイ,5_25,7,13,18,24,29,-,1064,1244,-,2:24,170,2D,-,2022/10/03
225,10060,既,ダブルラリアット,0_VS,6,11,16,23,27,-,0936,1115,-,2:22,138,-,-,2022/10/04
226,10061,既,インビジブル,0_VS,8,13,19,28,32,-,1385,1436,-,2:24,192,-,-,2022/10/05
227,14020,既,エゴロック,4_WxS,9,13,18,25,31,-,1041,1277,-,1:52,225,3D,5,2022/10/06
228,10062,既,Bad ∞ End ∞ Night,0_VS,9,14,18,25,29,-,0875,1018,-,1:58,204*,原曲,-,2022/10/07
229,12019,既,トリノコシティ,2_MMJ,6,11,17,23,27,-,0753,0852,-,1:57,135,-,-,2022/10/08
230,10063,既,こちら、幸福安心委員会です。,0_VS,6,12,18,24,28,-,0898,1096,-,2:26,128,-,-,2022/10/09
231,13020,既,DAYBREAK FRONTLINE,3_VBS,6,12,19,25,29,29,1102,1179,1352,2:19,136,2D/3D,5,2022/10/10
232,20004,書,ÅMARA(大未来電脳),0_VS,8,14,19,28,34,-,1342,1589,-,2:35,115*,原曲*8,-,2022/10/11
233,22011,書,DREAM PLACE,2_MMJ,6,12,17,25,29,-,0937,1172,-,2:22,136,3D,5,2022/10/19
234,15020,既,泥中に咲く,5_25,5,11,17,22,26,-,0646,0761,-,2:26,085,2D,-,2022/10/28
235,10064,公,いちにのさんで,0_VS,5,11,15,22,26,-,0595,0715,-,2:42,084,-,-,2022/10/31
236,13021,既,帝国少女,3_VBS,5,11,17,24,28,-,0962,1178,-,2:28,118,2D,-,2022/11/01
237,10065,既,Change me,0_VS,6,12,17,23,28,-,1019,1247,-,2:27,135,-,-,2022/11/04
238,14021,既,ラブカ？,4_WxS,6,12,17,25,29,-,0710,0878,-,1:44,135*,3D,5,2022/11/14
239,21012,書,the WALL,1_L/n,8,13,17,25,30,-,0815,1019,-,1:52,183,3D,5,2022/11/18
240,25013,書,Iなんです,5_25,8,13,18,26,31,33,0910,1066,1572,1:46,185*,2D,-,2022/11/20
241,10066,既,パラジクロロベンゼン,0_VS,6,13,18,24,28,-,0916,1063,-,2:29,125*,-,-,2022/11/21
242,10067,既,星屑ユートピア,0_VS,9,12,17,25,30,-,1183,1308,-,2:12,240,-,-,2022/11/25
243,21013,書,フレー,1_L/n,7,13,17,26,30,-,1067,1328,-,2:19,168,2D,-,2022/11/26
244,10068,既,あったかいと,0_VS,8,13,18,24,29,-,1026,1376,-,2:29,178,-,-,2022/11/28
245,22012,書,フロート・プランナー,2_MMJ,6,13,17,23,27,-,0685,0832,-,1:44,138,2D,-,2022/11/30
246,15021,既,ノンブレス・オブリージュ,5_25,6,12,18,26,31,-,1071,1203,-,2:10,148,3D,5,2022/12/05
247,12020,既,ロンリーユニバース,2_MMJ,5,12,17,23,27,-,0781,0999,-,2:21,100,2D,-,2022/12/09
248,10069,公,陽だまりのセツナ,0_VS,8,12,17,23,28,-,0932,1105,-,1:56,217,-,-,2022/12/12
249,23012,書,仮死化,3_VBS,8,13,17,23,28,-,1019,1186,-,2:12,184,2D/3D,5,2022/12/19
250,10070,公,What's up? Pop!,0_VS,9,14,22,31,37,-,1804,2362,-,2:41,230*,-,-,2022/12/23
251,10071,既,腐れ外道とチョコレゐト,0_VS,9,14,21,30,35,-,1396,1763,-,2:12,260,-,-,2022/12/25
252,11022,既,夜もすがら君想ふ,1_L/n,6,12,16,24,28,-,1004,1190,-,2:26,148,2D,-,2022/12/29
253,14022,既,ネトゲ廃人シュプレヒコール,4_WxS,8,13,18,25,31,-,1156,1463,-,2:29,175,-,-,2022/12/30
254,10072,既,カンタレラ,0_VS,6,12,17,24,29,-,0870,1063,-,2:06,144,原曲,-,2022/12/31
255,10073,既,FREELY TOMORROW,0_VS,6,11,16,24,29,-,0905,1121,-,2:18,129,原曲,-,2023/01/01
256,12021,既,気まぐれメルシィ,2_MMJ,7,12,18,25,31,-,1247,1465,-,2:29,160,3D,5,2023/01/02
257,15022,既,それがあなたの幸せとしても,5_25,5,11,16,22,26,-,0615,0814,-,2:08,077*,2D,-,2023/01/03
258,10074,既,リンちゃんなう！,0_VS,9,12,18,25,30,-,1098,1409,-,2:29,200,原曲,-,2023/01/04
259,13022,既,フェレス,3_VBS,9,13,18,26,30,31,1374,1397,1744,2:20,220,原曲/2D,-,2023/01/05
260,10075,既,夜明けと蛍,0_VS,5,10,15,22,26,-,0691,0852,-,2:26,080,-,-,2023/01/10
261,24011,書,星空オーケストラ,4_WxS,9,12,17,23,29,-,1057,1159,-,2:05,200,3D,5,2023/01/19
262,21014,書,Flyway,1_L/n,8,12,17,24,29,30,1011,1088,1396,2:09,190,2D,-,2023/01/21
263,10076,既,p.h.,0_VS,6,12,18,24,29,-,0739,0872,-,1:51,132,原曲,-,2023/01/23
264,10077,既,Goodbye,0_VS,6,12,17,23,26,-,0734,0860,-,2:08,133,原曲,-,2023/02/01
265,10078,既,SnowMix♪,0_VS,8,12,18,27,30,-,1321,1441,-,2:38,185,原曲,-,2023/02/04
266,10079,公,星界ちゃんと可不ちゃんのおつかい合騒曲,0_VS,9,14,20,29,32,-,1491,1626,-,2:34,220,-,-,2023/02/06
267,10080,公,天使の翼。,0_VS,6,12,18,24,28,-,1072,1340,-,2:49,125,-,-,2023/02/07
268,10081,既,Copycat,0_VS,5,11,16,23,26,-,0752,0997,-,2:06,137,原曲,-,2023/02/10
269,10082,既,レイニースノードロップ,0_VS,8,14,17,25,30,-,1234,1495,-,2:31,192,3D,1,2023/02/11
270,15023,既,アイロニ,5_25,5,11,17,23,28,-,0861,0943,-,2:24,090,原曲,-,2023/02/13
271,14023,既,1925,4_WxS,6,11,17,24,28,-,0887,1117,-,2:22,145,-,-,2023/02/15
272,22013,書,私は、私達は,2_MMJ,7,12,18,24,27,-,0712,0918,-,1:48,170,3D,5,2023/02/17
273,23013,書,ひつじがいっぴき,3_VBS,9,13,17,25,28,-,1120,1305,-,2:09,200,2D,-,2023/02/19
274,11023,既,"Hello, Worker",1_L/n,7,12,17,25,28,-,0773,0918,-,1:43,168,3D,5,2023/02/20
275,10083,公,Where shall we go?,0_VS,6,11,16,21,26,-,0594,0735,-,1:59,119,-,-,2023/02/24
276,10084,既,ココロ,0_VS,6,12,16,24,28,-,0945,1090,-,2:22,140*,-,-,2023/02/27
277,10085,既,ストロボラスト,0_VS,5,12,16,23,28,-,0726,0866,-,2:12,120,-,-,2023/02/28
278,10086,既,パレットには君がいっぱい,0_VS,5,11,17,25,28,-,0900,0966,-,2:14,120,-,-,2023/03/01
279,10087,既,Q,0_VS,5,12,17,24,28,-,0907,0998,-,2:11,120**,-,-,2023/03/02
280,10088,公,ヤミナベ!!!!,0_VS,9,15,23,31,37,-,1539,2015,-,2:10,264*,-,-,2023/03/04
281,12022,既,Booo!,2_MMJ,9,14,18,25,29,-,0823,0860,-,1:38,220,2D,-,2023/03/07
282,10089,既,39,0_VS,9,13,18,24,29,-,1139,1339,-,2:23,175,原曲,-,2023/03/09
283,24012,書,Mr. Showtime,4_WxS,9,14,19,26,31,-,1341,1497,-,2:19,218,2D,-,2023/03/11
284,13023,既,エゴイスト,3_VBS,8,14,18,26,31,-,1303,1548,-,2:27,180,2D/3D,5,2023/03/13
285,10090,公,エピローグに君はいない,0_VS,5,11,16,23,26,-,0596,0625,-,1:53,085,-,-,2023/03/16
286,10091,既,Highlight,0_VS,5,11,16,23,28,-,0596,0690,-,1:37,130,原曲,-,2023/03/20
287,11024,既,アトラクトライト,1_L/n,8,14,17,25,30,-,1295,1455,-,2:25,196,2D,-,2023/03/24
288,25014,書,ザムザ,5_25,5,13,18,25,30,-,0779,0937,-,1:55,121,2D/3D,5,2023/03/28
289,10092,既,トラッシュ・アンド・トラッシュ！,0_VS,9,13,19,27,31,-,1022,1181,-,2:18,220*,原曲,-,2023/03/30
290,10093,既,Vampire's ∞ pathoS,0_VS,8,13,19,27,31,-,0992,1100,-,2:04,134,原曲,-,2023/03/31
291,29005,書,Be The MUSIC!,9_oth,6,12,20,26,29,-,1121,1247,-,2:36,128,2D,-,2023/04/01
292,10094,既,METEOR,0_VS,7,14,19,25,30,-,1160,1323,-,2:20,170,-,-,2023/04/01
293,10095,既,インタビュア,0_VS,6,12,16,23,26,-,1006,1097,-,2:26,125,原曲,-,2023/04/02
294,10096,既,私の恋はヘルファイア,0_VS,9,13,18,27,31,-,1491,1638,-,2:30,200,3D,1,2023/04/03
295,10097,既,スノーマン,0_VS,6,12,18,24,29,-,1001,1243,-,2:24,127,-,-,2023/04/04
296,12023,既,深海少女,2_MMJ,6,12,16,23,27,-,0867,0994,-,2:25,137,原曲,-,2023/04/07
297,10098,既,魔法みたいなミュージック！,0_VS,9,12,18,25,31,-,1080,1271,-,2:21,210,原曲,-,2023/04/10
298,21015,書,相生,1_L/n,6,13,18,22,26,-,0879,1232,-,2:42,140,2D,-,2023/04/11
299,10099,公,名も無き革命,0_VS,8,12,18,24,29,-,0995,1099,-,2:03,185,-,-,2023/04/14
300,14024,既,おこちゃま戦争,4_WxS,8,13,18,27,31,-,1259,1394,-,2:26,175,3D,4,2023/04/17
301,13024,既,絶え間なく藍色,3_VBS,6,12,17,24,28,-,1002,1089,-,2:23,125,原曲,-,2023/04/21
302,15024,既,命ばっかり,5_25,6,14,18,25,28,-,1037,1092,-,2:11,128,-,-,2023/04/24
303,22014,書,ももいろの鍵,2_MMJ,7,13,19,26,31,-,1073,1187,-,2:12,165,3D,5,2023/04/28
304,25015,書,キティ,5_25,6,13,20,28,31,-,0982,0982,-,1:54,145,2D,-,2023/04/30
305,11025,既,快晴,1_L/n,7,13,17,25,29,-,1286,1533,-,2:31,172,2D/3D,5,2023/05/01
306,10100,既,悪食娘コンチータ,0_VS,7,13,19,26,29,-,0791,0851,-,1:42,160,-,-,2023/05/03
307,10101,既,眠らせ姫からの贈り物,0_VS,6,12,18,24,27,-,0904,1003,-,2:15,126,-,-,2023/05/04
308,10102,既,円尾坂の仕立屋,0_VS,8,12,16,24,28,-,0842,1007,-,2:00,180,-,-,2023/05/05
309,10103,既,悪徳のジャッジメント,0_VS,6,12,17,24,28,-,0777,0983,-,2:08,140,-,-,2023/05/06
310,10104,既,Sharing The World,0_VS,6,11,17,23,27,-,0937,1122,-,2:31,129,-,-,2023/05/12
311,12024,既,セツナトリップ,2_MMJ,6,12,20,27,32,-,1275,1370,-,2:35,145,原曲,-,2023/05/15
312,13025,既,シャンティ,3_VBS,6,13,18,25,30,-,0942,1187,-,2:11,144,原曲,-,2023/05/19
313,10105,公,エターナルアリア,0_VS,8,14,19,27,30,-,1272,1364,-,2:19,184,-,-,2023/05/22
314,10106,既,Blue Star,0_VS,6,12,17,25,29,-,1046,1163,-,2:27,132,原曲,-,2023/05/26
315,24013,書,箱庭のコラル,4_WxS,6,12,17,23,27,-,0862,0981,-,2:10,138,3D,5,2023/05/29
316,10107,公,人生,0_VS,9,14,23,31,37,-,1441,2242,-,2:29,185*,-,-,2023/06/02
317,10108,既,Wonder Style,0_VS,6,11,18,24,28,-,0888,1013,-,2:16,128,-,-,2023/06/07
318,23014,書,下剋上,3_VBS,8,12,18,25,30,-,1228,1245,-,2:35,185,2D,-,2023/06/10
319,14025,既,嗚呼、素晴らしきニャン生,4_WxS,8,13,18,24,29,-,1125,1374,-,2:30,194,原曲/2D,-,2023/06/12
320,10109,公,スターダストメドレー,0_VS,7,13,20,26,30,-,1215,1366,-,2:23,170,-,-,2023/06/16
321,22015,書,チームメイト,2_MMJ,8,12,18,24,30,-,0803,1090,-,1:52,180,2D,-,2023/06/20
322,11026,既,glow,1_L/n,5,11,17,22,26,25,0875,0987,0855,2:39,085,3D,5,2023/06/23
323,15025,既,とても素敵な六月でした,5_25,9,12,18,24,29,-,1273,1491,-,2:34,210,3D,5,2023/06/26
324,10110,既,UNDERWATER,0_VS,6,11,16,24,29,-,0971,1062,-,2:29,145,原曲,-,2023/06/28
325,12025,既,きゅうくらりん,2_MMJ,9,14,20,27,31,-,1141,1148,-,1:49,220,原曲/2D,-,2023/07/03
326,10111,既,Afterglow,0_VS,8,11,16,23,27,-,0727,0844,-,2:27,183*,3D,1,2023/07/07
327,14026,既,太陽系デスコ,4_WxS,7,13,17,23,28,-,1018,1188,-,2:26,150,原曲,-,2023/07/12
328,10112,公,心拍ペアリング,0_VS,6,11,17,23,28,-,0575,0696,-,1:27,134,-,-,2023/07/14
329,25016,書,演劇,5_25,8,11,17,24,28,-,0983,0984,-,2:06,176*,3D,5,2023/07/19
330,21016,書,星を繋ぐ,1_L/n,7,12,18,24,28,27,0753,0821,1035,1:37,174,2D,-,2023/07/21
331,13026,既,脳内革命ガール,3_VBS,9,13,18,27,31,-,1189,1269,-,2:20,240,3D,5,2023/07/24
332,10113,既,Decade,0_VS,6,11,16,24,30,-,0839,1057,-,2:25,127,-,-,2023/07/28
333,22016,書,我らステインバスターズ！,2_MMJ,6,12,17,24,28,-,0797,0810,-,1:45,125,2D,-,2023/08/01
334,10114,公,新人類,0_VS,6,13,19,27,31,-,1285,1298,-,2:37,144,-,-,2023/08/03
335,10115,公,ずんだパーリナイ,0_VS,7,13,19,27,31,-,1407,1522,-,2:47,170*,-,-,2023/08/04
336,10116,公,Disco No.39,0_VS,6,13,19,26,30,-,0950,1115,-,2:14,145,-,-,2023/08/10
337,11027,既,サマータイムレコード,1_L/n,9,13,19,24,28,-,1107,1404,-,2:29,178,-,-,2023/08/15
338,23015,書,リアライズ,3_VBS,7,13,19,25,29,-,0744,0851,-,1:34,150,3D,5,2023/08/19
339,24014,書,キラピピ★キラピカ,4_WxS,7,11,16,23,27,-,0909,0909,-,1:42,160,2D,-,2023/08/21
340,20005,書,ボトルケーキ,0_VS,5,11,16,24,28,-,0640,0759,-,1:56,107,-,-,2023/08/25
341,15026,既,心做し,5_25,5,12,16,22,26,-,0676,0832,-,2:19,084,-,-,2023/08/28
342,10117,既,ブループラネット,0_VS,8,13,19,26,30,-,1287,1357,-,2:16,186,3D,1,2023/08/31
343,10118,既,HERO,0_VS,8,13,19,26,31,-,1194,1278,-,2:03,190,原曲,-,2023/09/01
344,10119,公,CIRCUS PANIC!!!,0_VS,6,13,19,27,32,-,1083,1239,-,2:18,136*,-,-,2023/09/04
345,12026,既,白い雪のプリンセスは,2_MMJ,9,14,17,24,29,-,1273,1478,-,2:20,200,3D,5,2023/09/11
346,20006,書,Un-Lock,0_VS,6,12,18,24,28,-,0894,1096,-,2:19,130,-,-,2023/09/19
347,10120,既,ラッキー☆オーブ,0_VS,6,11,17,24,28,-,0802,0919,-,2:01,126,原曲,-,2023/09/25
348,29006,書,NEO,9_oth,8,13,19,25,29,32,0939,0988,1365,2:06,190,2D/3D,6,2023/09/30
349,20007,書,アイムマイン,0_VS,6,13,19,25,29,-,1058,1189,-,2:37,135,3D,6,2023/10/01
350,11028,既,天樂,1_L/n,9,13,18,25,29,-,1396,1554,-,2:31,232,原曲,-,2023/10/02
351,10121,既,まにまに,0_VS,7,13,19,25,29,-,0893,1014,-,1:54,174,原曲,-,2023/10/03
352,12027,既,メランコリック,2_MMJ,6,13,16,24,27,-,0917,1100,-,2:28,140,原曲,-,2023/10/04
353,10122,既,豚になって yeah yeah,0_VS,5,12,17,24,28,-,0705,0778,-,2:01,115,3D,1,2023/10/05
354,13027,既,恋は戦争,3_VBS,8,12,16,23,27,-,1081,1262,-,2:23,175,-,-,2023/10/06
355,10123,既,デビルじゃないもん,0_VS,7,12,19,26,29,-,0854,0879,-,2:01,154,原曲,-,2023/10/07
356,14027,既,すきなことだけでいいです,4_WxS,6,12,18,26,31,-,1081,1223,-,2:35,140,3D,3,2023/10/08
357,10124,既,番凩,0_VS,6,12,17,24,27,-,0716,0892,-,2:05,128*,-,-,2023/10/09
358,15027,既,神っぽいな,5_25,6,13,18,25,29,-,1035,1162,-,2:28,142,原曲,-,2023/10/10
359,10125,既,Dear,0_VS,6,12,17,23,28,-,1032,1233,-,2:30,134,-,-,2023/10/11
360,23016,書,CR詠ZY,3_VBS,5,13,19,24,28,-,0615,0728,-,1:43,122,2D,-,2023/10/12
361,10126,公,Cool Me Down,0_VS,7,13,19,25,29,-,1159,1250,-,2:29,174,-,-,2023/10/16
362,12028,既,悪役にキスシーンを,2_MMJ,6,12,18,25,29,-,0998,1188,-,2:33,124,3D,5,2023/10/23
363,14028,既,我儘姫,4_WxS,6,11,18,26,30,-,1040,1188,-,2:22,126*,-,-,2023/10/25
364,21017,書,purpose,1_L/n,6,12,18,24,28,-,0720,0812,-,1:49,130,2D/3D,5,2023/10/29
365,22017,書,はぐ,2_MMJ,6,13,18,24,29,-,0851,0983,-,2:10,120,2D,-,2023/10/31
366,25017,書,トワイライトライト,5_25,8,13,17,22,26,-,0520,0619,-,1:47,088,2D/3D,5,2023/11/01
367,13028,既,春嵐,3_VBS,6,14,20,27,30,-,1095,1184,-,2:20,140,原曲,-,2023/11/06
368,20008,書,ARQETYPE,0_VS,9,14,21,27,31,-,0827,0951,-,1:40,240,-,-,2023/11/10
369,10127,公,On&On,0_VS,6,12,18,23,27,-,0712,0859,-,1:55,126,-,-,2023/11/13
370,15028,既,キュートなカノジョ,5_25,7,13,17,26,30,-,1006,1208,-,2:12,160,原曲,-,2023/11/22
371,24015,書,フィラメントフィーバー,4_WxS,6,13,18,25,29,-,0864,0952,-,1:54,134*,2D/3D,5,2023/11/28
372,12029,既,さよならプリンセス,2_MMJ,8,14,19,26,30,-,0812,1131,-,1:59,195,原曲,-,2023/12/04
373,23017,書,Beyond the way,3_VBS,7,13,17,25,28,-,0737,0900,-,1:57,125,2D/3D,5,2023/12/08
374,20009,書,ショウタイム×オーディエンス,0_VS,9,14,18,25,30,-,1091,1220,-,2:03,220,-,-,2023/12/11
375,10128,既,難聴系男子が倒せない,0_VS,7,12,17,25,30,-,1028,1234,-,2:22,150,3D,1,2023/12/18
376,10129,公,オーバーコード,0_VS,5,12,18,26,30,-,1113,1253,-,2:40,120,-,-,2023/12/22
377,15029,既,スロウダウナー,5_25,8,13,18,26,30,-,1054,1418,-,2:23,194,原曲,-,2023/12/25
378,11029,既,初めての恋が終わる時,1_L/n,8,12,17,25,29,-,0822,0995,-,2:15,180,-,-,2023/12/28
379,25018,書,25時の情熱,5_25,5,11,17,22,25,-,0625,0725,-,1:59,086,2D/3D,5,2023/12/29
380,13029,既,金木犀,3_VBS,6,12,17,26,29,-,0814,0899,-,2:04,123,原曲,-,2023/12/30
381,10130,既,一千光年,0_VS,8,13,18,25,30,31,0941,1141,1496,1:56,192,原曲,-,2023/12/31
382,14029,既,強風オールバック,4_WxS,6,13,17,24,28,-,0714,0955,-,2:17,135,原曲,-,2024/01/01
383,10131,既,ヒアソビ,0_VS,9,13,18,27,31,-,1053,1116,-,2:12,134,原曲,-,2024/01/02
384,15030,既,エンヴィーベイビー,5_25,7,13,17,23,28,-,0969,1251,-,2:17,171,3D,5,2024/01/03
385,10132,既,『んっあっあっ。』,0_VS,6,13,18,24,28,-,0742,1071,-,2:08,123,原曲,-,2024/01/04
386,12030,既,くうになる,2_MMJ,7,13,18,24,29,-,0769,0945,-,1:49,166,原曲,-,2024/01/05
387,11030,既,ハイドアンド・シーク,1_L/n,7,12,17,24,28,-,0764,0898,-,2:05,138,-,-,2024/01/09
388,39004,既,folern,9_oth,9,12,21,30,32,35,1392,1486,1794,2:21,200,-,-,2024/01/11
389,22018,書,MOTTO!!!,2_MMJ,6,11,16,23,27,-,0881,1067,-,2:22,130,2D/3D,5,2024/01/15
390,39005,既,Sage,9_oth,9,13,21,29,32,36,1259,1352,1812,2:31,145,-,-,2024/01/18
391,10133,公,心泥夢(syndrome),0_VS,7,12,19,27,31,-,1221,1383,-,2:41,123,-,-,2024/01/22
392,24016,書,サイバーパンクデッドボーイ,4_WxS,7,13,19,27,30,-,0917,1014,-,2:03,157,2D,-,2024/01/23
393,39006,既,MarbleBlue.,9_oth,9,14,21,30,33,37,1437,1460,2500,2:43,198.22,-,-,2024/01/25
394,13030,既,マーシャル・マキシマイザー,3_VBS,9,14,18,26,29,-,0694,0895,-,1:35,190,3D,5,2024/01/29
395,13031,既,え？あぁ、そう。,3_VBS,8,12,18,25,30,-,0838,1028,-,1:51,192,-,-,2024/02/01
396,10134,公,リレイアウター,0_VS,7,13,18,26,30,-,0960,1203,-,2:33,151*,-,-,2024/02/03
397,10135,公,おどロボ,0_VS,6,13,18,24,29,-,1266,1339,-,2:44,145,-,-,2024/02/04
398,24017,書,世界を照らすテトラッド,4_WxS,7,13,20,27,31,-,0850,1072,-,2:02,155,2D/3D,5,2024/02/09
399,10136,既,ハッピーチートデー,0_VS,5,12,17,23,26,-,0645,0817,-,2:02,124,原曲,-,2024/02/10
400,10137,公,十六歳の心臓,0_VS,8,14,20,27,31,-,1162,1470,-,2:16,190,-,-,2024/02/13
401,20010,書,limbo,0_VS,8,13,19,26,31,-,0900,0958,-,1:42,199,-,-,2024/02/16
402,21018,書,レグルス,1_L/n,6,12,18,26,29,30,0949,1014,1268,2:07,146,2D/3D,5,2024/02/18
403,14030,既,古書屋敷殺人事件,4_WxS,6,12,18,24,28,-,0823,0974,-,2:02,140,-,-,2024/02/22
404,22019,書,JUMPIN’ OVER !,2_MMJ,7,12,17,24,28,-,0858,0863,-,1:49,170,2D/3D,5,2024/02/27
405,15031,既,ラグトレイン,5_25,6,13,16,23,27,25,0705,0920,1038,2:07,147,原曲,-,2024/02/29
406,21019,書,インテグラル,1_L/n,8,12,16,24,28,-,0868,0868,-,1:57,192,2D/3D,5,2024/03/01
407,15032,既,ド屑,5_25,5,12,18,25,28,-,0844,0817,-,2:01,115,原曲,-,2024/03/04
408,10138,公,明鏡止水,0_VS,7,12,18,23,28,-,0728,0938,-,2:03,150,-,-,2024/03/08
409,10139,既,ハジメテノオト,0_VS,5,12,16,23,26,-,0539,0639,-,2:11,100,-,-,2024/03/09
410,12031,既,flos,2_MMJ,6,12,18,23,27,-,0694,0893,-,2:05,118,3D,5,2024/03/11
411,10140,公,アコトバ,0_VS,6,12,19,24,29,-,0664,0857,-,2:10,125,-,-,2024/03/15
412,20011,書,幽光、1/fのゆらめき,0_VS,8,13,18,25,29,-,0718,0877,-,1:31,193,-,-,2024/03/18
413,20012,書,嬢王,0_VS,9,15,24,31,33,36,1266,1456,1972,2:23,200*,原曲,-,2024/03/22
414,14031,既,1000年生きてる,4_WxS,5,13,18,23,28,-,0673,0757,-,1:48,100,3D,5,2024/03/25
415,11031,既,幾望の月,1_L/n,6,14,19,26,29,-,0892,0998,-,2:05,138,原曲,-,2024/03/27
416,23018,書,blender,3_VBS,5,12,16,23,27,-,0812,0781,-,2:16,103,2D/3D,5,2024/03/28
417,10141,既,えれくとりっく・えんじぇぅ,0_VS,7,12,17,24,29,-,0927,1176,-,2:06,150,-,-,2024/03/30
418,10142,既,レッドランドマーカー,0_VS,7,13,18,26,29,-,1018,1105,-,2:08,174,原曲,-,2024/03/31
419,10143,既,あいのうた,0_VS,6,12,16,25,29,-,0950,1064,-,2:03,139,-,-,2024/04/02
420,10144,既,ガーネットの涙,0_VS,6,12,16,25,28,-,0774,0904,-,1:59,139,原曲,-,2024/04/03
421,10145,既,だんだん早くなる,0_VS,7,13,18,24,28,-,0851,0918,-,2:21,160*,-,-,2024/04/04
422,25019,書,私は雨,5_25,6,12,18,24,28,-,0823,0918,-,2:05,144,2D,-,2024/04/10
423,13032,既,酔いどれ知らず,3_VBS,6,13,18,24,28,29,0865,1048,1120,2:16,115,3D,5,2024/04/15
424,10146,公,おぎゃりないざー,0_VS,9,15,23,31,34,37,1387,1637,2050,2:08,245*,-,-,2024/04/19
425,10147,公,シルバーコレクター,0_VS,8,13,19,26,32,-,1113,1178,-,2:12,180,-,-,2024/04/22
426,21020,書,すれすれ,1_L/n,6,11,16,23,26,-,0521,0595,-,1:37,086,2D/3D,5,2024/04/28
427,23019,書,烈火,3_VBS,6,12,16,23,27,-,0786,0948,-,2:20,132,2D,-,2024/04/30
428,39007,既,超最終鬼畜妹フランドール・Ｓ,9_oth,9,14,20,28,32,35,1175,1270,1914,2:03,210,原曲,-,2024/05/03
429,15033,既,Bad Apple!! feat.SEKAI,5_25,7,11,18,24,29,31,0883,1181,1328,2:26,138,2D,-,2024/05/04
430,10148,既,"Help me, ERINNNNNN!!",0_VS,8,13,19,26,30,32,1168,1318,1564,2:26,185,2D,-,2024/05/05
431,14032,既,おちゃめ機能,4_WxS,7,13,18,24,30,-,0933,1171,-,2:06,150,-,-,2024/05/07
432,20013,書,ときめきジェットコースター,0_VS,8,13,19,27,31,-,1016,1234,-,2:05,180,-,-,2024/05/10
433,11032,既,東京テディベア,1_L/n,9,13,18,28,31,34,1172,1449,2024,2:15,204,3D,5,2024/05/13
434,15034,既,熱異常,5_25,8,13,18,27,32,-,0978,1197,-,2:02,183,3D,5,2024/05/17
435,10149,公,I know 愛脳.,0_VS,7,14,20,26,31,-,1016,1119,-,2:02,150,-,-,2024/05/20
436,12032,既,だめにんげんだ!,2_MMJ,8,13,19,26,30,-,0917,0976,-,2:02,179,原曲,-,2024/05/24
437,24018,書,オペラ！スペースオペラ！,4_WxS,9,13,19,26,30,31,0986,1198,1403,2:06,198,2D,5,2024/05/29
438,11033,既,抜錨,1_L/n,6,12,17,24,28,-,0831,0954,-,2:05,140,3D,5,2024/06/03
439,14033,既,きょうもハレバレ,4_WxS,6,13,17,24,28,-,0793,1033,-,2:01,134,原曲,-,2024/06/10
440,22020,書,Supernova,2_MMJ,5,13,17,24,28,27,0750,0890,1016,2:10,105,2D/3D,5,2024/06/18
441,25020,書,エンパープル,5_25,6,12,17,24,29,30,0813,0877,1126,1:59,136,2D,-,2024/06/20
442,10150,公,合成するミライ,0_VS,7,12,19,25,30,-,0969,1094,-,2:15,170,-,-,2024/06/24
443,20014,書,LEADER,0_VS,6,12,17,24,28,-,0763,0940,-,1:50,140,-,-,2024/06/28
444,12033,既,ポッピンキャンディ☆フィーバー！,2_MMJ,8,13,19,26,31,-,1140,1323,-,2:09,190,原曲,-,2024/07/01
445,23020,書,ULTRA C,3_VBS,6,12,18,25,28,-,0651,0769,-,1:37,128,2D/3D,5,2024/07/07
446,10151,公,ダイジョブですか？,0_VS,9,15,23,31,34,37,1495,1674,2555,2:30,224*,-,-,2024/07/09
447,24019,書,成敗いたAAAAAす！,4_WxS,8,14,18,25,31,-,1022,1199,-,2:13,180,2D/3D,5,2024/07/15
448,11034,既,林檎売りの泡沫少女,1_L/n,8,13,17,24,28,-,1009,1048,-,2:10,225.2,原曲,-,2024/07/17
449,10152,公,メリーゴーラウンド,0_VS,5,12,18,26,29,-,0874,1024,-,2:19,116,-,-,2024/07/22
450,15035,既,マインドブランド,5_25,7,13,17,24,28,-,0764,1023,-,2:05,156,3D,5,2024/07/29
451,10153,公,イガク,0_VS,7,14,20,25,31,-,0892,1226,-,2:01,170,-,-,2024/08/03
452,10154,公,あちこちデートさん,0_VS,5,11,16,22,30,-,0693,0829,-,2:02,102*,-,-,2024/08/04
453,22021,書,キラー,2_MMJ,8,13,19,27,31,33,0825,1013,1267,1:38,196,2D/3D,5,2024/08/07
454,13033,既,WAVE,3_VBS,6,12,17,24,28,-,0794,0837,-,1:57,130,-,-,2024/08/13
455,10155,公,彗星ノ銀河,0_VS,5,11,16,21,26,-,0688,0699,-,2:04,085,-,-,2024/08/19
456,20015,書,夏夜ノ唄,0_VS,5,13,16,23,28,-,0695,0787,-,2:02,103,-,-,2024/08/23
457,14034,既,QUEEN,4_WxS,8,13,18,25,29,-,1164,1385,-,2:24,170,原曲,-,2024/08/26
458,10156,既,アンテナ39,0_VS,6,13,18,25,30,-,1039,1139,-,2:06,147,原曲,-,2024/08/30
459,14035,既,ちがう!!!,4_WxS,8,13,18,26,31,-,0930,1074,-,1:58,181,3D,5,2024/09/02
460,12034,既,スーパーヒーロー,2_MMJ,6,13,20,25,29,-,0904,0909,-,1:55,132,原曲,-,2024/09/09
461,10157,既,カルチャ,0_VS,7,13,17,25,28,-,0797,1037,-,1:49,172,原曲,-,2024/09/13
462,10158,公,レイヤーノート,0_VS,5,11,16,21,27,-,0563,0679,-,2:08,078,-,-,2024/09/17
463,21021,書,それでも僕らは歌うことをやめない,1_L/n,8,13,18,26,30,-,0705,0814,-,1:38,182,2D,-,2024/09/20
464,20016,書,Unpoison,0_VS,5,12,17,23,28,-,0714,0897,-,2:02,119,-,-,2024/09/24
465,29007,書,熱風,9_oth,8,13,16,23,29,31,0871,0925,1207,1:53,192,3D,6,2024/09/30
466,11035,既,モザイクロール (Reloaded),1_L/n,6,13,17,24,29,-,0871,0876,-,2:05,148,3D,5,2024/10/01
467,10159,既,メズマライザー,0_VS,8,13,20,26,31,-,1218,1451,-,2:06,185,原曲,-,2024/10/02
468,12035,既,如月アテンション,2_MMJ,8,13,18,25,29,-,0855,1155,-,1:58,190,-,-,2024/10/03
469,10160,既,メインキャラクター,0_VS,8,12,17,25,29,-,0951,1043,-,1:55,192,原曲,-,2024/10/04
470,13034,既,コールボーイ,3_VBS,6,13,17,25,29,-,0809,0836,-,2:04,109,-,-,2024/10/05
471,10161,既,きみとぼくのレゾナンス,0_VS,7,13,16,24,28,-,0896,1115,-,2:13,160*,原曲,-,2024/10/06
472,14036,既,転生林檎,4_WxS,6,12,20,25,29,-,0851,0879,-,1:54,145,原曲,-,2024/10/07
473,10162,既,Blackjack,0_VS,6,13,17,25,31,-,0921,1021,-,2:10,114,-,-,2024/10/08
474,15036,既,Shadow Shadow,5_25,6,12,16,23,27,-,0601,0783,-,2:10,135,3D,5,2024/10/09
475,20017,書,生命性シンドロウム,0_VS,9,14,20,29,33,36,1299,1493,2357,2:13,225*,-,-,2024/10/10
476,25021,書,化けの花,5_25,8,13,18,27,31,-,0875,1003,-,1:58,180,2D,-,2024/10/12
